<?xml version='1.0' encoding='UTF-8' ?>
<timeLogEntries>
  <time id="1" path="/Lab2/PSP2.1/Planning" start="@1551810605000" delta="34" />
  <time id="2" path="/Lab2/PSP2.1/Planning" start="@1551820050075" delta="98" />
  <time id="3" path="/Lab2_FabianPortilla/PSP0/Planning" start="@1551900894790" delta="78" />
  <time id="4" path="/Lab2_FabianPortilla/PSP0/Planning" start="@1551982911995" delta="173" />
  <time id="5" path="/Lab2_FabianPortilla/PSP0/Planning" start="@1551996243683" delta="24" />
  <time id="6" path="/Lab2_FabianPortilla/PSP0/Design" start="@1552073228492" delta="40" />
  <time id="7" path="/Lab2_FabianPortilla/PSP0/Test" start="@1552075747736" delta="90" />
  <time id="8" path="/Lab2_FabianPortilla/PSP0/Planning" start="@1552400543600" delta="9" />
  <time id="9" path="/Lab2_FabianPortilla/PSP0/Code" start="@1552401532814" delta="39" />
  <time id="10" path="/Lab2_FabianPortilla/PSP0/Code" start="@1552409883642" delta="62" />
</timeLogEntries>
